,n_estimators,learning_rate,max_depth,min_samples_split,min_samples_leaf,max_features,n_neighbors,weights,algorithm,leaf_size,p,metric,C,penalty,criterion,kernel,num_leaves,min_split_gain,subsample,colsample_bytree,reg_alpha,reg_lambda,splitter,depth,random_strength,iterations,min_child_weight,var_smoothing,hidden_layer_sizes,activation,solver,alpha,learning_rate_init,shrinkage,reg_param,loss,eta0,radius,max_iter,max_leaf_nodes,l2_regularization
GradientBoostingClassifier,749.0,0.0011087696139896375,40.0,30.0,10.0,auto,,,,,,,,,,,,,,,,,,,,,,,,,,,,,,,,,,,
RandomForestClassifier,486.0,,30.0,12.0,12.0,sqrt,,,,,,,,,entropy,,,,,,,,,,,,,,,,,,,,,,,,,,
LGBMClassifier,446.0,0.0010360329045043229,8.0,,,,,,,,,,,,,,181.0,0.16769080197530228,0.311868251866347,0.6267736575953241,2.1722030844540985e-06,0.045642509745312754,,,,,,,,,,,,,,,,,,,
AdaBoostClassifier,178.0,0.13761854343212718,,,,,,,SAMME,,,,,,,,,,,,,,,,,,,,,,,,,,,,,,,,
XGBClassifier,410.0,0.0004328122794887009,86.0,,,,,,,,,,,,,,,,0.347185271357201,0.2585150160505851,,,,,,,1.0,,,,,,,,,,,,,,
ExtraTreesClassifier,410.0,,40.0,14.0,9.0,log2,,,,,,,,,,,,,,,,,,,,,,,,,,,,,,,,,,,
CatBoostClassifier,,0.0017324557352914251,,,,,,,,,,,,,,,,,,,,,,4.0,9.0,309.0,,,,,,,,,,,,,,,
MLPClassifier,,constant,,,,,,,,,,,,,,,,,,,,,,,,,,,40.0,logistic,lbfgs,0.004410065576971101,0.014177193548785496,,,,,,,,
SGDClassifier,,constant,,,,,,,,,,,,l2,,,,,,,,,,,,,,,,,,6.39859390379008e-05,,,,modified_huber,1.1581249980220878e-05,,,,
HistGradientBoostingClassifier,,0.2464839570232214,27.0,,4.0,,,,,,,,,,,,,,,,,,,,,,,,,,,,,,,,,,667.0,60.0,0.9585284559281845
DecisionTreeClassifier,,,409.0,7.0,15.0,sqrt,,,,,,,,,gini,,,,,,,,random,,,,,,,,,,,,,,,,,,
KNeighborsClassifier,,,,,,,12.0,distance,auto,816.0,2.0,minkowski,,,,,,,,,,,,,,,,,,,,,,,,,,,,,
RadiusNeighborsClassifier,,,,,,,,distance,,,4.0,,,,,,,,,,,,,,,,,,,,,,,,,,,51.16624340978717,,,
LogisticRegression,,,,,,,,,,,,,0.0006564548682474863,none,,,,,,,,,,,,,,,,,,,,,,,,,,,
SVC,,,,,,,,,,,,,0.00011331206122668486,,,poly,,,,,,,,,,,,,,,,,,,,,,,,,
Multinomial_logreg,,,,,,,,,,,,,0.0365754775167628,none,,,,,,,,,,,,,,,,,sag,,,,,,,,,,
GaussianNB,,,,,,,,,,,,,,,,,,,,,,,,,,,,1.2175747307290105e-11,,,,,,,,,,,,,
LinearDiscriminantAnalysis,,,,,,,,,,,,,,,,,,,,,,,,,,,,,,,lsqr,,,0.2532485686481508,,,,,,,
MultinomialNB,,,,,,,,,,,,,,,,,,,,,,,,,,,,,,,,0.005001206929920928,,,,,,,,,
ComplementNB,,,,,,,,,,,,,,,,,,,,,,,,,,,,,,,,8.185731137477966,,,,,,,,,
QuadraticDiscriminantAnalysis,,,,,,,,,,,,,,,,,,,,,,,,,,,,,,,,,,,0.26577557485700287,,,,,,
